{"cameraMode":{"drawMode":0,"name":"Shaded","section":"Shading Mode"},"sceneLighting":true,"audioPlay":false,"sceneViewState":{"m_AlwaysRefresh":false,"showFog":true,"showSkybox":true,"showFlares":true,"showImageEffects":true,"showParticleSystems":true,"showVisualEffectGraphs":true,"m_FxEnabled":true},"in2DMode":false,"pivot":{"x":2.1049864292144777,"y":23.075281143188478,"z":-21.67076301574707},"rotation":{"x":0.163696750998497,"y":-0.018725909292697908,"z":0.0012730953749269248,"w":0.9865195155143738},"size":1.401825189590454,"orthographic":false}